Problem,Suggestion,Details,Why
Low Nitrogen,Plant nitrogen-fixing cover crops like legumes or clover,Plant in early spring or late summer. Terminate before they set seeds.,"Cover crops enhance nitrogen fixation in soil, reducing the need for synthetic fertilizers."
Low Nitrogen,Incorporate compost or well-aged manure,Use compost that is low in salts and well decomposed. Apply at least once per growing season.,"Increases nitrogen content in soil while adding organic matter, enhancing soil structure."
High Nitrogen,Avoid synthetic nitrogen fertilizers and focus on slow-release organic sources,Use fertilizers like blood meal or feather meal in small amounts if needed.,"Prevents further nitrogen buildup, minimizing the risk of nutrient runoff and leaching."
Low Phosphorus,Add rock phosphate or bone meal,Apply in fall to allow slow release and uptake by plants. Incorporate lightly into soil.,Provides a slow-releasing phosphorus source that doesnâ€™t lead to excess runoff.
Low Phosphorus,Incorporate mycorrhizal fungi,Inoculate seeds or apply directly to soil to improve root access to phosphorus.,Mycorrhizal fungi increase phosphorus availability to plants through symbiotic relationships.
High Phosphorus,Plant phosphorus-accumulating cover crops like buckwheat,Plant in late spring or early fall; terminate before they set seeds to recycle phosphorus effectively.,"Prevents further phosphorus buildup, minimizing the risk of environmental pollution."
Low Potassium,Apply potassium sulfate or kelp meal,Use in small amounts; apply during the growing season for best results. Avoid synthetic potash.,Provides a natural source of potassium to support plant growth without harming soil biology.
Low Potassium,"Rotate with potassium-accumulating plants (e.g., sunflowers)",Plant in rotation cycles to naturally increase potassium over time.,"Helps cycle potassium through natural plant processes, improving availability in the soil."
High Potassium,"Reduce compost high in potassium (e.g., banana peels)",Avoid adding high-potassium composts or organic matter. Focus on balanced organic amendments.,"Prevents further potassium accumulation, which can interfere with calcium and magnesium uptake."
Low pH (Acidic Soil),Add lime or wood ash in small amounts,"Apply in fall or early spring, aiming to increase pH gradually over time. Test pH before each application to avoid over-liming.","Improves soil pH, making nutrients more available to plants and reducing toxic metal uptake."
Low pH (Acidic Soil),Plant acid-tolerant crops like blueberries or potatoes,Select crops that thrive in acidic conditions if liming is not an option or for a short-term solution.,"Matches crop selection to soil conditions, optimizing yields without altering pH."
High pH (Alkaline Soil),Incorporate elemental sulfur or peat moss,"Use in small amounts; sulfur works slowly, so monitor pH and apply over multiple seasons if needed.","Lowers soil pH, making nutrients more available to plants."
High pH (Alkaline Soil),Plant acidifying cover crops like oats or rye,"These crops slightly acidify the soil over time as they decompose, helping reduce high pH levels.","Cover crops help bring down pH naturally, creating better soil conditions for nutrient uptake."
Low Organic Matter,"Apply compost, green manure, or biochar",Use well-decomposed organic matter or biochar; apply in spring and fall.,"Increases organic matter, improving soil structure, water retention, and nutrient availability."
Low Organic Matter,Reduce tillage and increase cover cropping,Implement no-till or reduced till practices and keep soil covered with crops year-round.,"Reduces organic matter loss, improving soil structure and carbon sequestration."
High Organic Matter,Monitor for excessive nutrient release or water-logging,High organic matter can hold excessive nutrients; adjust fertilization practices accordingly.,Ensures balanced nutrition and prevents nutrient toxicity.
Low Soil Respiration,"Increase diversity of cover crops (e.g., mixtures of grasses, legumes, brassicas)","Diverse plant roots support microbial life, increasing respiration rates.","Improves soil biology, which in turn enhances nutrient cycling and plant health."
Low Soil Respiration,Reduce chemical inputs like pesticides and synthetic fertilizers,Reducing chemical inputs encourages natural soil biology and respiration.,"Supports healthy soil biology, increasing resilience and long-term fertility."
High Soil Respiration,Monitor microbial activity; avoid over-applying high-carbon composts,Over-activity can lead to nutrient imbalances or depletion. Apply compost sparingly if high respiration is detected.,Maintains balanced soil biology and prevents nutrient depletion from excessive microbial action.